customer_id,customer_name,plan_id,plan_name,monthly_fee,data_usage_gb,contract_start_date
4158,Customer 4158,4,Unlimited,99.99,1.91,2025-05-05 06:01:10.483938
7130,Customer 7130,3,Premium,79.99,1.12,2024-06-09 06:01:10.483938
3071,Customer 3071,1,Basic,29.99,16.4,2025-02-04 06:01:10.483938
1445,Customer 1445,2,Standard,49.99,38.8,2024-07-01 06:01:10.483938
8973,Customer 8973,1,Basic,29.99,6.71,2025-07-29 06:01:10.483938
8001,Customer 8001,4,Unlimited,99.99,39.11,2024-09-23 06:01:10.483938
2165,Customer 2165,4,Unlimited,99.99,2.38,2025-05-03 06:01:10.483938
4430,Customer 4430,4,Unlimited,99.99,37.57,2025-08-26 06:01:10.483938
3973,Customer 3973,2,Standard,49.99,29.21,2025-01-26 06:01:10.483938
7775,Customer 7775,2,Standard,49.99,4.66,2024-11-15 06:01:10.483938
8764,Customer 8764,2,Standard,49.99,43.48,2026-02-03 06:01:10.483938
8555,Customer 8555,3,Premium,79.99,14.54,2026-01-11 06:01:10.483938
4063,Customer 4063,3,Premium,79.99,8.11,2025-06-02 06:01:10.483938
1239,Customer 1239,2,Standard,49.99,4.14,2024-12-21 06:01:10.483938
1668,Customer 1668,2,Standard,49.99,33.65,2025-02-26 06:01:10.483938
5683,Customer 5683,4,Unlimited,99.99,35.25,2026-01-28 06:01:10.483938
3681,Customer 3681,4,Unlimited,99.99,19.46,2024-06-10 06:01:10.483938
9489,Customer 9489,3,Premium,79.99,48.87,2025-06-08 06:01:10.483938
3137,Customer 3137,2,Standard,49.99,10.13,2026-02-11 06:01:10.483938
4312,Customer 4312,3,Premium,79.99,19.63,2024-05-22 06:01:10.483938
4488,Customer 4488,1,Basic,29.99,19.03,2026-02-17 06:01:10.483938
5114,Customer 5114,3,Premium,79.99,14.33,2024-12-24 06:01:10.483938
7900,Customer 7900,2,Standard,49.99,5.52,2024-10-07 06:01:10.483938
6278,Customer 6278,2,Standard,49.99,43.4,2025-06-02 06:01:10.483938
1362,Customer 1362,3,Premium,79.99,31.06,2025-12-20 06:01:10.483938
8804,Customer 8804,1,Basic,29.99,38.55,2026-01-01 06:01:10.483938
4381,Customer 4381,1,Basic,29.99,15.15,2025-07-18 06:01:10.483938
4922,Customer 4922,4,Unlimited,99.99,41.51,2024-10-02 06:01:10.483938
4318,Customer 4318,2,Standard,49.99,4.32,2024-10-11 06:01:10.483938
5878,Customer 5878,1,Basic,29.99,15.51,2025-07-20 06:01:10.483938
9351,Customer 9351,4,Unlimited,99.99,22.19,2024-09-20 06:01:10.483938
7259,Customer 7259,3,Premium,79.99,37.13,2024-12-07 06:01:10.483938
8855,Customer 8855,2,Standard,49.99,20.06,2025-11-06 06:01:10.483938
7779,Customer 7779,3,Premium,79.99,27.92,2025-02-27 06:01:10.483938
5073,Customer 5073,2,Standard,49.99,14.08,2024-05-08 06:01:10.483938
8076,Customer 8076,2,Standard,49.99,6.48,2025-10-12 06:01:10.483938
7146,Customer 7146,1,Basic,29.99,21.16,2024-08-15 06:01:10.483938
2834,Customer 2834,2,Standard,49.99,43.92,2025-11-12 06:01:10.483938
4958,Customer 4958,1,Basic,29.99,43.39,2025-06-24 06:01:10.483938
3155,Customer 3155,1,Basic,29.99,20.53,2025-03-22 06:01:10.483938
3747,Customer 3747,2,Standard,49.99,25.16,2025-09-28 06:01:10.483938
7495,Customer 7495,1,Basic,29.99,37.23,2025-05-11 06:01:10.483938
5184,Customer 5184,3,Premium,79.99,27.76,2026-01-27 06:01:10.483938
9066,Customer 9066,1,Basic,29.99,28.88,2026-03-08 06:01:10.483938
9426,Customer 9426,1,Basic,29.99,37.28,2025-12-05 06:01:10.483938
9696,Customer 9696,3,Premium,79.99,33.8,2025-05-19 06:01:10.483938
9448,Customer 9448,4,Unlimited,99.99,46.35,2024-09-18 06:01:10.483938
9412,Customer 9412,3,Premium,79.99,27.91,2024-08-23 06:01:10.483938
2807,Customer 2807,4,Unlimited,99.99,42.08,2025-07-08 06:01:10.483938
7482,Customer 7482,1,Basic,29.99,27.48,2025-01-13 06:01:10.483938
5657,Customer 5657,2,Standard,49.99,30.87,2025-01-08 06:01:10.483938
2004,Customer 2004,3,Premium,79.99,37.6,2024-05-26 06:01:10.483938
8795,Customer 8795,1,Basic,29.99,14.59,2024-08-08 06:01:10.483938
1077,Customer 1077,1,Basic,29.99,14.55,2025-05-19 06:01:10.483938
8872,Customer 8872,3,Premium,79.99,7.02,2025-11-17 06:01:10.483938
3356,Customer 3356,3,Premium,79.99,20.85,2024-05-24 06:01:10.483938
9974,Customer 9974,1,Basic,29.99,35.43,2025-07-29 06:01:10.483938
1697,Customer 1697,1,Basic,29.99,0.23,2026-01-12 06:01:10.483938
2881,Customer 2881,4,Unlimited,99.99,23.45,2024-06-03 06:01:10.483938
9838,Customer 9838,3,Premium,79.99,39.42,2025-01-30 06:01:10.484919
6589,Customer 6589,1,Basic,29.99,43.61,2024-10-04 06:01:10.484919
9502,Customer 9502,4,Unlimited,99.99,16.83,2025-03-10 06:01:10.484919
1852,Customer 1852,1,Basic,29.99,31.0,2024-12-16 06:01:10.484919
6002,Customer 6002,2,Standard,49.99,7.16,2025-04-13 06:01:10.484919
5998,Customer 5998,2,Standard,49.99,16.05,2024-12-27 06:01:10.484919
8225,Customer 8225,3,Premium,79.99,46.59,2025-11-29 06:01:10.484919
5618,Customer 5618,4,Unlimited,99.99,48.23,2025-08-30 06:01:10.484919
5643,Customer 5643,4,Unlimited,99.99,36.49,2024-08-24 06:01:10.484919
1107,Customer 1107,2,Standard,49.99,25.46,2024-04-28 06:01:10.484919
7009,Customer 7009,2,Standard,49.99,40.28,2025-04-20 06:01:10.484919
1490,Customer 1490,4,Unlimited,99.99,26.68,2026-03-03 06:01:10.484919
2755,Customer 2755,3,Premium,79.99,47.8,2025-09-13 06:01:10.484919
1876,Customer 1876,3,Premium,79.99,2.71,2025-02-14 06:01:10.484919
6503,Customer 6503,2,Standard,49.99,47.03,2026-02-14 06:01:10.484919
5852,Customer 5852,1,Basic,29.99,16.57,2025-09-16 06:01:10.484919
1577,Customer 1577,3,Premium,79.99,35.33,2024-06-01 06:01:10.484919
5761,Customer 5761,1,Basic,29.99,24.12,2024-09-17 06:01:10.484919
1363,Customer 1363,1,Basic,29.99,36.72,2024-05-12 06:01:10.484919
3687,Customer 3687,1,Basic,29.99,4.72,2024-06-29 06:01:10.484919
9618,Customer 9618,3,Premium,79.99,48.73,2025-04-07 06:01:10.484919
5450,Customer 5450,3,Premium,79.99,19.59,2026-02-20 06:01:10.484919
6147,Customer 6147,3,Premium,79.99,41.66,2025-02-12 06:01:10.484919
7859,Customer 7859,3,Premium,79.99,27.27,2024-07-23 06:01:10.484919
3114,Customer 3114,3,Premium,79.99,5.57,2024-12-10 06:01:10.484919
2120,Customer 2120,1,Basic,29.99,38.66,2025-12-13 06:01:10.484919
3795,Customer 3795,2,Standard,49.99,26.02,2025-06-24 06:01:10.484919
1416,Customer 1416,4,Unlimited,99.99,8.31,2025-08-09 06:01:10.484919
5521,Customer 5521,1,Basic,29.99,25.11,2024-06-09 06:01:10.484919
9559,Customer 9559,1,Basic,29.99,20.69,2025-04-20 06:01:10.484919
6720,Customer 6720,4,Unlimited,99.99,38.1,2025-01-16 06:01:10.484919
4421,Customer 4421,1,Basic,29.99,17.92,2024-09-23 06:01:10.484919
1888,Customer 1888,4,Unlimited,99.99,11.2,2025-04-25 06:01:10.484919
6848,Customer 6848,4,Unlimited,99.99,45.89,2026-02-03 06:01:10.484919
4553,Customer 4553,2,Standard,49.99,40.66,2025-10-10 06:01:10.484919
2173,Customer 2173,4,Unlimited,99.99,17.15,2025-09-03 06:01:10.484919
1675,Customer 1675,2,Standard,49.99,19.99,2026-03-08 06:01:10.484919
9762,Customer 9762,2,Standard,49.99,2.5,2025-05-31 06:01:10.484919
1349,Customer 1349,4,Unlimited,99.99,30.49,2024-07-30 06:01:10.484919
4850,Customer 4850,1,Basic,29.99,43.45,2026-02-21 06:01:10.484919
1967,Customer 1967,4,Unlimited,99.99,0.81,2024-11-14 06:01:10.484919
8583,Customer 8583,4,Unlimited,99.99,11.35,2025-10-25 06:01:10.484919
1617,Customer 1617,4,Unlimited,99.99,17.91,2024-12-31 06:01:10.484919
6854,Customer 6854,4,Unlimited,99.99,36.38,2025-05-21 06:01:10.484919
8285,Customer 8285,4,Unlimited,99.99,14.49,2024-11-20 06:01:10.484919
8400,Customer 8400,2,Standard,49.99,34.53,2024-09-30 06:01:10.484919
8748,Customer 8748,2,Standard,49.99,21.57,2025-03-04 06:01:10.484919
9221,Customer 9221,1,Basic,29.99,13.51,2026-02-01 06:01:10.484919
4238,Customer 4238,2,Standard,49.99,29.35,2026-04-06 06:01:10.484919
9232,Customer 9232,3,Premium,79.99,32.09,2024-05-11 06:01:10.484919
3828,Customer 3828,1,Basic,29.99,38.37,2026-02-09 06:01:10.484919
2498,Customer 2498,4,Unlimited,99.99,44.0,2024-12-23 06:01:10.484919
4314,Customer 4314,2,Standard,49.99,19.72,2024-11-04 06:01:10.484919
3158,Customer 3158,2,Standard,49.99,1.98,2024-12-09 06:01:10.484919
9741,Customer 9741,2,Standard,49.99,5.55,2024-09-14 06:01:10.484919
4850,Customer 4850,2,Standard,49.99,11.86,2025-02-10 06:01:10.484919
1910,Customer 1910,1,Basic,29.99,23.67,2024-08-19 06:01:10.484919
6585,Customer 6585,3,Premium,79.99,49.82,2026-01-03 06:01:10.484919
6292,Customer 6292,1,Basic,29.99,43.09,2025-03-21 06:01:10.484919
9431,Customer 9431,1,Basic,29.99,17.35,2024-10-09 06:01:10.484919
1441,Customer 1441,3,Premium,79.99,39.95,2024-09-02 06:01:10.484919
8882,Customer 8882,4,Unlimited,99.99,44.01,2025-09-26 06:01:10.484919
4490,Customer 4490,3,Premium,79.99,25.14,2025-06-09 06:01:10.484919
6840,Customer 6840,4,Unlimited,99.99,45.38,2025-03-06 06:01:10.484919
7146,Customer 7146,3,Premium,79.99,8.35,2024-04-29 06:01:10.484919
3686,Customer 3686,3,Premium,79.99,28.75,2025-08-02 06:01:10.484919
3873,Customer 3873,3,Premium,79.99,45.87,2025-11-28 06:01:10.484919
5297,Customer 5297,4,Unlimited,99.99,39.08,2024-10-18 06:01:10.484919
9679,Customer 9679,2,Standard,49.99,47.57,2025-10-24 06:01:10.484919
6805,Customer 6805,4,Unlimited,99.99,4.29,2024-04-28 06:01:10.484919
7778,Customer 7778,1,Basic,29.99,40.89,2025-12-14 06:01:10.486512
7719,Customer 7719,4,Unlimited,99.99,44.19,2025-06-08 06:01:10.486512
1398,Customer 1398,1,Basic,29.99,23.9,2025-06-21 06:01:10.486512
6921,Customer 6921,1,Basic,29.99,8.44,2024-12-16 06:01:10.486512
3316,Customer 3316,3,Premium,79.99,32.99,2025-07-18 06:01:10.486512
1591,Customer 1591,3,Premium,79.99,23.01,2025-06-17 06:01:10.486512
3819,Customer 3819,2,Standard,49.99,39.97,2024-07-24 06:01:10.486512
5583,Customer 5583,1,Basic,29.99,39.0,2025-06-11 06:01:10.486512
3082,Customer 3082,2,Standard,49.99,2.75,2025-09-02 06:01:10.486512
9692,Customer 9692,1,Basic,29.99,17.11,2026-04-06 06:01:10.486512
3730,Customer 3730,1,Basic,29.99,32.29,2024-06-18 06:01:10.486512
4470,Customer 4470,1,Basic,29.99,12.66,2026-01-09 06:01:10.486512
9382,Customer 9382,3,Premium,79.99,22.95,2025-01-15 06:01:10.486512
4415,Customer 4415,1,Basic,29.99,33.21,2025-03-20 06:01:10.486512
9503,Customer 9503,3,Premium,79.99,3.89,2025-03-08 06:01:10.486512
8526,Customer 8526,3,Premium,79.99,3.3,2025-09-21 06:01:10.486512
6078,Customer 6078,4,Unlimited,99.99,43.61,2026-03-29 06:01:10.486512
2277,Customer 2277,1,Basic,29.99,26.42,2026-03-09 06:01:10.486512
5776,Customer 5776,4,Unlimited,99.99,16.86,2026-02-23 06:01:10.486512
7776,Customer 7776,4,Unlimited,99.99,0.99,2025-11-21 06:01:10.486512
6359,Customer 6359,4,Unlimited,99.99,24.88,2025-04-05 06:01:10.486512
1543,Customer 1543,4,Unlimited,99.99,28.13,2025-09-29 06:01:10.486512
7177,Customer 7177,4,Unlimited,99.99,34.18,2024-08-08 06:01:10.486512
8104,Customer 8104,4,Unlimited,99.99,23.28,2024-05-07 06:01:10.486512
6830,Customer 6830,2,Standard,49.99,37.57,2025-02-09 06:01:10.486512
2696,Customer 2696,2,Standard,49.99,23.75,2025-08-01 06:01:10.486512
2947,Customer 2947,2,Standard,49.99,35.07,2025-11-01 06:01:10.486512
3701,Customer 3701,1,Basic,29.99,11.75,2024-11-28 06:01:10.486512
7395,Customer 7395,4,Unlimited,99.99,35.07,2024-10-10 06:01:10.486512
6979,Customer 6979,1,Basic,29.99,15.43,2024-09-17 06:01:10.486512
8050,Customer 8050,1,Basic,29.99,17.81,2026-02-07 06:01:10.486512
8598,Customer 8598,2,Standard,49.99,4.75,2025-01-27 06:01:10.486512
9318,Customer 9318,4,Unlimited,99.99,10.42,2024-11-25 06:01:10.486512
2436,Customer 2436,4,Unlimited,99.99,11.15,2024-11-14 06:01:10.486512
8685,Customer 8685,2,Standard,49.99,47.39,2025-11-23 06:01:10.486512
7073,Customer 7073,2,Standard,49.99,43.9,2025-12-17 06:01:10.486512
9729,Customer 9729,2,Standard,49.99,42.59,2024-12-02 06:01:10.486512
3860,Customer 3860,4,Unlimited,99.99,37.12,2025-10-04 06:01:10.486512
1324,Customer 1324,4,Unlimited,99.99,49.07,2025-01-19 06:01:10.486512
8331,Customer 8331,4,Unlimited,99.99,12.84,2024-07-08 06:01:10.486512
9919,Customer 9919,2,Standard,49.99,6.46,2024-12-28 06:01:10.486512
3807,Customer 3807,1,Basic,29.99,31.3,2026-02-25 06:01:10.486512
9763,Customer 9763,4,Unlimited,99.99,40.26,2025-07-15 06:01:10.486512
8894,Customer 8894,3,Premium,79.99,29.29,2026-04-23 06:01:10.486512
6933,Customer 6933,4,Unlimited,99.99,35.38,2025-07-12 06:01:10.486512
7185,Customer 7185,3,Premium,79.99,33.72,2024-10-02 06:01:10.486512
7762,Customer 7762,4,Unlimited,99.99,3.15,2024-07-31 06:01:10.486512
2259,Customer 2259,3,Premium,79.99,41.59,2026-01-10 06:01:10.486512
5768,Customer 5768,4,Unlimited,99.99,20.35,2025-02-27 06:01:10.486512
9725,Customer 9725,2,Standard,49.99,15.38,2025-02-25 06:01:10.486512
9596,Customer 9596,3,Premium,79.99,34.9,2024-06-22 06:01:10.486512
5956,Customer 5956,1,Basic,29.99,35.94,2025-09-06 06:01:10.486512
5183,Customer 5183,3,Premium,79.99,5.35,2026-04-04 06:01:10.486512
3330,Customer 3330,1,Basic,29.99,47.57,2025-06-09 06:01:10.486512
1979,Customer 1979,3,Premium,79.99,27.72,2024-12-25 06:01:10.486512
4643,Customer 4643,3,Premium,79.99,49.07,2024-05-12 06:01:10.486512
7823,Customer 7823,1,Basic,29.99,29.87,2025-08-31 06:01:10.486512
8270,Customer 8270,4,Unlimited,99.99,49.79,2024-07-04 06:01:10.486512
2924,Customer 2924,4,Unlimited,99.99,11.35,2024-05-18 06:01:10.486512
8034,Customer 8034,4,Unlimited,99.99,7.85,2025-04-02 06:01:10.486512
6038,Customer 6038,1,Basic,29.99,36.02,2025-02-11 06:01:10.486512
6850,Customer 6850,3,Premium,79.99,0.19,2025-07-19 06:01:10.486512
2746,Customer 2746,4,Unlimited,99.99,18.37,2026-02-19 06:01:10.486512
8740,Customer 8740,1,Basic,29.99,32.52,2024-05-10 06:01:10.486512
7468,Customer 7468,1,Basic,29.99,12.89,2024-11-18 06:01:10.486512
7462,Customer 7462,2,Standard,49.99,46.3,2024-09-12 06:01:10.486512
1706,Customer 1706,3,Premium,79.99,23.5,2024-05-31 06:01:10.486512
1909,Customer 1909,2,Standard,49.99,10.9,2024-10-23 06:01:10.486512
1005,Customer 1005,2,Standard,49.99,10.37,2025-02-18 06:01:10.486512
6370,Customer 6370,4,Unlimited,99.99,21.82,2025-06-25 06:01:10.486512
1626,Customer 1626,3,Premium,79.99,10.48,2024-12-03 06:01:10.486512
9680,Customer 9680,1,Basic,29.99,10.54,2024-09-19 06:01:10.486512
2204,Customer 2204,1,Basic,29.99,17.93,2024-10-15 06:01:10.486512
7203,Customer 7203,2,Standard,49.99,37.81,2025-12-15 06:01:10.486512
2772,Customer 2772,3,Premium,79.99,31.61,2026-04-08 06:01:10.486512
6683,Customer 6683,1,Basic,29.99,43.32,2025-10-13 06:01:10.486512
3264,Customer 3264,2,Standard,49.99,9.08,2025-06-22 06:01:10.486512
7363,Customer 7363,1,Basic,29.99,15.2,2025-02-04 06:01:10.486512
6518,Customer 6518,3,Premium,79.99,22.75,2025-03-15 06:01:10.486512
4670,Customer 4670,4,Unlimited,99.99,27.96,2025-09-03 06:01:10.486512
8708,Customer 8708,4,Unlimited,99.99,32.95,2026-03-28 06:01:10.486512
7246,Customer 7246,4,Unlimited,99.99,48.49,2025-06-13 06:01:10.486512
1224,Customer 1224,2,Standard,49.99,35.43,2025-04-11 06:01:10.486512
3188,Customer 3188,2,Standard,49.99,30.14,2025-01-27 06:01:10.486512
6965,Customer 6965,3,Premium,79.99,7.0,2025-11-20 06:01:10.486512
6591,Customer 6591,4,Unlimited,99.99,23.15,2025-11-24 06:01:10.486512
5233,Customer 5233,4,Unlimited,99.99,48.55,2024-09-03 06:01:10.486512
5785,Customer 5785,4,Unlimited,99.99,7.77,2024-11-21 06:01:10.486512
8724,Customer 8724,4,Unlimited,99.99,25.66,2024-07-07 06:01:10.486512
3095,Customer 3095,4,Unlimited,99.99,20.75,2026-03-24 06:01:10.486512
7419,Customer 7419,2,Standard,49.99,48.17,2024-08-12 06:01:10.486512
8407,Customer 8407,1,Basic,29.99,0.09,2024-11-28 06:01:10.486512
6461,Customer 6461,2,Standard,49.99,22.14,2025-07-28 06:01:10.486512
8732,Customer 8732,3,Premium,79.99,7.0,2026-04-21 06:01:10.486512
8853,Customer 8853,3,Premium,79.99,45.13,2024-07-06 06:01:10.486512
6602,Customer 6602,1,Basic,29.99,17.66,2026-01-02 06:01:10.486512
7255,Customer 7255,1,Basic,29.99,43.54,2024-08-22 06:01:10.486512
4926,Customer 4926,2,Standard,49.99,24.62,2025-10-09 06:01:10.486512
1249,Customer 1249,4,Unlimited,99.99,38.51,2024-11-04 06:01:10.486512
6588,Customer 6588,3,Premium,79.99,45.54,2025-04-07 06:01:10.486512
3004,Customer 3004,3,Premium,79.99,31.72,2024-05-21 06:01:10.486512
7084,Customer 7084,3,Premium,79.99,19.77,2025-07-19 06:01:10.486512
1345,Customer 1345,4,Unlimited,99.99,41.18,2026-01-17 06:01:10.486512
4321,Customer 4321,1,Basic,29.99,24.79,2025-01-15 06:01:10.486512
4022,Customer 4022,3,Premium,79.99,22.84,2024-05-20 06:01:10.486512
1182,Customer 1182,3,Premium,79.99,41.44,2024-08-11 06:01:10.486512
3803,Customer 3803,4,Unlimited,99.99,44.09,2024-05-24 06:01:10.486512
8509,Customer 8509,2,Standard,49.99,34.35,2026-04-15 06:01:10.486512
8448,Customer 8448,1,Basic,29.99,38.24,2025-09-27 06:01:10.486512
9696,Customer 9696,2,Standard,49.99,20.74,2024-10-16 06:01:10.486512
1400,Customer 1400,4,Unlimited,99.99,43.69,2024-09-01 06:01:10.486512
9255,Customer 9255,2,Standard,49.99,40.93,2024-07-18 06:01:10.486512
1444,Customer 1444,1,Basic,29.99,32.2,2026-02-20 06:01:10.486512
5442,Customer 5442,3,Premium,79.99,49.55,2026-01-21 06:01:10.486512
8949,Customer 8949,3,Premium,79.99,31.22,2024-10-25 06:01:10.486512
2490,Customer 2490,1,Basic,29.99,2.92,2025-05-12 06:01:10.486512
3714,Customer 3714,1,Basic,29.99,45.54,2024-10-28 06:01:10.486512
9674,Customer 9674,2,Standard,49.99,47.21,2024-12-28 06:01:10.486512
4768,Customer 4768,1,Basic,29.99,44.48,2024-12-09 06:01:10.486512
8512,Customer 8512,4,Unlimited,99.99,13.34,2025-05-11 06:01:10.486512
1509,Customer 1509,2,Standard,49.99,43.83,2024-09-25 06:01:10.486512
6269,Customer 6269,4,Unlimited,99.99,2.12,2025-08-05 06:01:10.486512
8390,Customer 8390,4,Unlimited,99.99,28.08,2025-03-23 06:01:10.486512
6181,Customer 6181,3,Premium,79.99,7.61,2024-10-28 06:01:10.486512
1893,Customer 1893,4,Unlimited,99.99,37.04,2025-10-01 06:01:10.486512
9007,Customer 9007,1,Basic,29.99,6.57,2024-11-09 06:01:10.486512
1341,Customer 1341,3,Premium,79.99,26.79,2025-06-19 06:01:10.486512
8494,Customer 8494,2,Standard,49.99,33.91,2025-05-08 06:01:10.486512
1751,Customer 1751,3,Premium,79.99,21.85,2026-01-14 06:01:10.486512
6664,Customer 6664,3,Premium,79.99,13.47,2025-10-25 06:01:10.486512
2755,Customer 2755,4,Unlimited,99.99,8.58,2024-09-19 06:01:10.486512
1839,Customer 1839,3,Premium,79.99,34.42,2025-09-26 06:01:10.486512
9162,Customer 9162,3,Premium,79.99,21.12,2025-10-25 06:01:10.486512
8721,Customer 8721,4,Unlimited,99.99,29.33,2025-11-27 06:01:10.486512
6059,Customer 6059,4,Unlimited,99.99,43.61,2024-11-03 06:01:10.486512
1711,Customer 1711,2,Standard,49.99,37.76,2024-09-29 06:01:10.486512
4386,Customer 4386,2,Standard,49.99,48.26,2024-09-06 06:01:10.486512
4976,Customer 4976,4,Unlimited,99.99,32.69,2025-08-16 06:01:10.486512
6269,Customer 6269,4,Unlimited,99.99,13.93,2024-06-24 06:01:10.486512
2897,Customer 2897,3,Premium,79.99,42.8,2024-06-08 06:01:10.486512
1041,Customer 1041,4,Unlimited,99.99,1.46,2024-07-16 06:01:10.486512
4539,Customer 4539,1,Basic,29.99,29.69,2026-01-29 06:01:10.486512
5223,Customer 5223,1,Basic,29.99,46.98,2026-03-31 06:01:10.486512
3646,Customer 3646,4,Unlimited,99.99,9.5,2025-12-14 06:01:10.486512
8251,Customer 8251,2,Standard,49.99,39.96,2024-08-20 06:01:10.486512
2114,Customer 2114,4,Unlimited,99.99,40.38,2025-01-31 06:01:10.486512
2499,Customer 2499,4,Unlimited,99.99,44.45,2025-04-29 06:01:10.486512
1298,Customer 1298,1,Basic,29.99,24.68,2025-02-06 06:01:10.486512
7932,Customer 7932,3,Premium,79.99,30.18,2024-08-29 06:01:10.486512
9572,Customer 9572,1,Basic,29.99,42.93,2025-02-23 06:01:10.486512
4856,Customer 4856,2,Standard,49.99,8.58,2025-02-03 06:01:10.486512
1584,Customer 1584,1,Basic,29.99,15.69,2024-11-21 06:01:10.486512
4232,Customer 4232,3,Premium,79.99,48.81,2026-03-11 06:01:10.486512
1603,Customer 1603,2,Standard,49.99,49.17,2025-06-23 06:01:10.486512
4192,Customer 4192,3,Premium,79.99,0.57,2024-08-20 06:01:10.486512
5873,Customer 5873,2,Standard,49.99,22.5,2024-07-16 06:01:10.486512
7082,Customer 7082,1,Basic,29.99,3.9,2025-12-01 06:01:10.486512
7844,Customer 7844,2,Standard,49.99,4.28,2024-12-19 06:01:10.486512
6845,Customer 6845,1,Basic,29.99,29.23,2025-04-19 06:01:10.486512
2835,Customer 2835,2,Standard,49.99,30.63,2026-02-18 06:01:10.486512
8056,Customer 8056,4,Unlimited,99.99,26.89,2024-09-30 06:01:10.486512
8323,Customer 8323,4,Unlimited,99.99,12.51,2025-08-25 06:01:10.486512
3917,Customer 3917,4,Unlimited,99.99,2.02,2024-11-11 06:01:10.486512
3495,Customer 3495,4,Unlimited,99.99,41.17,2026-01-08 06:01:10.486512
6211,Customer 6211,2,Standard,49.99,28.73,2024-12-17 06:01:10.486512
1637,Customer 1637,3,Premium,79.99,9.29,2025-06-19 06:01:10.486512
5332,Customer 5332,2,Standard,49.99,9.77,2024-08-04 06:01:10.486512
2776,Customer 2776,1,Basic,29.99,48.72,2025-04-10 06:01:10.486512
2504,Customer 2504,2,Standard,49.99,42.42,2024-10-30 06:01:10.486512
5995,Customer 5995,3,Premium,79.99,49.49,2025-11-28 06:01:10.486512
2382,Customer 2382,1,Basic,29.99,8.46,2025-06-06 06:01:10.486512
6478,Customer 6478,4,Unlimited,99.99,33.43,2025-08-19 06:01:10.486512
6871,Customer 6871,1,Basic,29.99,5.58,2025-08-21 06:01:10.486512
2824,Customer 2824,1,Basic,29.99,11.97,2024-04-23 06:01:10.486512
4007,Customer 4007,3,Premium,79.99,34.4,2026-04-04 06:01:10.486512
2853,Customer 2853,4,Unlimited,99.99,40.84,2026-01-07 06:01:10.486512
3400,Customer 3400,1,Basic,29.99,4.4,2024-05-08 06:01:10.486512
1680,Customer 1680,2,Standard,49.99,46.44,2025-10-13 06:01:10.486512
1346,Customer 1346,3,Premium,79.99,26.2,2026-01-05 06:01:10.486512
6378,Customer 6378,2,Standard,49.99,44.62,2026-01-06 06:01:10.486512
8981,Customer 8981,4,Unlimited,99.99,9.83,2025-04-24 06:01:10.486512
7742,Customer 7742,3,Premium,79.99,4.63,2024-12-25 06:01:10.486512
6881,Customer 6881,3,Premium,79.99,36.09,2024-08-27 06:01:10.486512
4085,Customer 4085,2,Standard,49.99,6.63,2025-09-10 06:01:10.486512
5082,Customer 5082,3,Premium,79.99,5.83,2025-04-03 06:01:10.486512
7684,Customer 7684,3,Premium,79.99,36.19,2024-07-25 06:01:10.486512
1299,Customer 1299,4,Unlimited,99.99,10.04,2025-04-30 06:01:10.486512
2648,Customer 2648,1,Basic,29.99,12.65,2025-08-03 06:01:10.486512
9094,Customer 9094,1,Basic,29.99,16.99,2025-08-12 06:01:10.486512
9739,Customer 9739,3,Premium,79.99,20.91,2026-03-17 06:01:10.486512
2652,Customer 2652,3,Premium,79.99,32.06,2025-10-18 06:01:10.486512
2259,Customer 2259,4,Unlimited,99.99,16.34,2025-05-13 06:01:10.486512
2866,Customer 2866,4,Unlimited,99.99,32.8,2025-11-14 06:01:10.486512
4401,Customer 4401,4,Unlimited,99.99,32.27,2024-08-27 06:01:10.486512
5449,Customer 5449,3,Premium,79.99,14.64,2025-08-23 06:01:10.486512
2960,Customer 2960,3,Premium,79.99,13.01,2024-08-06 06:01:10.486512
3434,Customer 3434,4,Unlimited,99.99,42.67,2024-08-07 06:01:10.486512
2968,Customer 2968,4,Unlimited,99.99,12.06,2025-04-13 06:01:10.486512
7958,Customer 7958,3,Premium,79.99,18.62,2024-09-18 06:01:10.486512
2160,Customer 2160,3,Premium,79.99,24.28,2024-06-19 06:01:10.486512
1549,Customer 1549,3,Premium,79.99,33.19,2024-08-21 06:01:10.486512
6748,Customer 6748,1,Basic,29.99,43.95,2025-11-01 06:01:10.486512
2313,Customer 2313,2,Standard,49.99,46.57,2026-04-06 06:01:10.486512
3908,Customer 3908,1,Basic,29.99,22.04,2024-10-10 06:01:10.486512
7654,Customer 7654,3,Premium,79.99,13.55,2025-08-13 06:01:10.486512
8656,Customer 8656,4,Unlimited,99.99,26.29,2024-09-05 06:01:10.486512
7666,Customer 7666,1,Basic,29.99,42.87,2024-09-06 06:01:10.486512
1704,Customer 1704,1,Basic,29.99,26.62,2025-06-28 06:01:10.486512
9894,Customer 9894,1,Basic,29.99,39.49,2025-03-25 06:01:10.486512
5800,Customer 5800,4,Unlimited,99.99,41.65,2025-04-28 06:01:10.486512
2171,Customer 2171,4,Unlimited,99.99,49.83,2025-09-21 06:01:10.486512
7241,Customer 7241,4,Unlimited,99.99,27.19,2024-09-22 06:01:10.486512
7899,Customer 7899,3,Premium,79.99,24.2,2024-07-12 06:01:10.486512
1949,Customer 1949,2,Standard,49.99,24.51,2025-04-16 06:01:10.486512
4849,Customer 4849,3,Premium,79.99,29.94,2024-08-28 06:01:10.486512
7210,Customer 7210,4,Unlimited,99.99,48.93,2025-05-24 06:01:10.486512
4527,Customer 4527,1,Basic,29.99,49.85,2025-05-29 06:01:10.486512
7922,Customer 7922,3,Premium,79.99,27.03,2025-05-27 06:01:10.486512
8177,Customer 8177,2,Standard,49.99,9.28,2025-12-01 06:01:10.486512
4498,Customer 4498,2,Standard,49.99,42.02,2024-10-06 06:01:10.486512
9954,Customer 9954,2,Standard,49.99,45.77,2026-02-21 06:01:10.486512
8790,Customer 8790,1,Basic,29.99,19.54,2024-12-17 06:01:10.486512
3712,Customer 3712,2,Standard,49.99,2.56,2026-03-14 06:01:10.486512
1477,Customer 1477,3,Premium,79.99,10.83,2025-05-05 06:01:10.486512
3922,Customer 3922,4,Unlimited,99.99,12.83,2025-11-21 06:01:10.486512
5795,Customer 5795,4,Unlimited,99.99,32.96,2024-04-23 06:01:10.492767
4670,Customer 4670,2,Standard,49.99,29.89,2024-09-08 06:01:10.492767
9744,Customer 9744,4,Unlimited,99.99,0.37,2024-12-02 06:01:10.493124
4318,Customer 4318,1,Basic,29.99,35.61,2025-02-01 06:01:10.493124
8175,Customer 8175,3,Premium,79.99,12.73,2025-01-19 06:01:10.493124
9055,Customer 9055,4,Unlimited,99.99,35.01,2026-02-01 06:01:10.493124
8997,Customer 8997,4,Unlimited,99.99,42.49,2025-05-07 06:01:10.493124
3095,Customer 3095,4,Unlimited,99.99,47.14,2026-02-09 06:01:10.493124
6101,Customer 6101,2,Standard,49.99,2.46,2026-03-29 06:01:10.493124
8555,Customer 8555,2,Standard,49.99,39.3,2025-08-21 06:01:10.493124
3961,Customer 3961,2,Standard,49.99,1.36,2024-11-09 06:01:10.493124
2804,Customer 2804,1,Basic,29.99,46.4,2024-12-29 06:01:10.493124
1205,Customer 1205,4,Unlimited,99.99,15.08,2024-10-05 06:01:10.493124
4298,Customer 4298,2,Standard,49.99,17.76,2025-10-17 06:01:10.493124
2432,Customer 2432,4,Unlimited,99.99,40.65,2026-04-12 06:01:10.493124
4978,Customer 4978,4,Unlimited,99.99,38.1,2024-09-15 06:01:10.493124
8450,Customer 8450,4,Unlimited,99.99,8.64,2025-06-29 06:01:10.493124
6500,Customer 6500,2,Standard,49.99,14.91,2024-10-16 06:01:10.493124
9806,Customer 9806,4,Unlimited,99.99,6.39,2024-08-19 06:01:10.493124
5804,Customer 5804,4,Unlimited,99.99,36.61,2025-03-30 06:01:10.493124
2434,Customer 2434,4,Unlimited,99.99,12.77,2025-10-13 06:01:10.493124
6002,Customer 6002,4,Unlimited,99.99,1.46,2026-02-06 06:01:10.493124
4278,Customer 4278,2,Standard,49.99,1.83,2024-05-23 06:01:10.493124
1959,Customer 1959,2,Standard,49.99,28.79,2025-10-17 06:01:10.493124
2807,Customer 2807,4,Unlimited,99.99,25.24,2024-06-13 06:01:10.493124
6890,Customer 6890,3,Premium,79.99,8.15,2024-07-03 06:01:10.493124
8832,Customer 8832,2,Standard,49.99,7.17,2024-07-22 06:01:10.493124
6293,Customer 6293,3,Premium,79.99,4.21,2025-07-18 06:01:10.493124
4101,Customer 4101,2,Standard,49.99,8.06,2025-01-15 06:01:10.493124
1764,Customer 1764,1,Basic,29.99,47.36,2024-07-07 06:01:10.493124
8883,Customer 8883,2,Standard,49.99,15.29,2025-02-17 06:01:10.493124
1683,Customer 1683,3,Premium,79.99,22.62,2026-01-10 06:01:10.493124
7140,Customer 7140,1,Basic,29.99,18.11,2024-05-08 06:01:10.493124
8289,Customer 8289,2,Standard,49.99,33.08,2025-08-29 06:01:10.493124
4722,Customer 4722,2,Standard,49.99,28.29,2024-08-31 06:01:10.493124
3976,Customer 3976,3,Premium,79.99,10.06,2024-10-26 06:01:10.493124
7582,Customer 7582,2,Standard,49.99,22.61,2025-06-09 06:01:10.493124
8176,Customer 8176,1,Basic,29.99,22.19,2024-10-25 06:01:10.493124
2501,Customer 2501,1,Basic,29.99,18.89,2024-08-11 06:01:10.493124
5524,Customer 5524,4,Unlimited,99.99,5.19,2024-09-02 06:01:10.493124
8952,Customer 8952,3,Premium,79.99,49.72,2025-09-26 06:01:10.493124
6882,Customer 6882,2,Standard,49.99,46.88,2025-03-12 06:01:10.493124
1864,Customer 1864,4,Unlimited,99.99,18.89,2026-03-18 06:01:10.493124
8884,Customer 8884,2,Standard,49.99,28.09,2024-09-12 06:01:10.493124
4128,Customer 4128,3,Premium,79.99,15.58,2025-05-20 06:01:10.493124
9927,Customer 9927,1,Basic,29.99,5.74,2025-04-13 06:01:10.493124
6439,Customer 6439,2,Standard,49.99,15.72,2024-06-24 06:01:10.493124
1375,Customer 1375,2,Standard,49.99,33.75,2024-12-24 06:01:10.493124
5424,Customer 5424,3,Premium,79.99,43.58,2026-03-10 06:01:10.493124
7281,Customer 7281,1,Basic,29.99,46.37,2025-01-04 06:01:10.493124
8754,Customer 8754,3,Premium,79.99,17.89,2024-07-07 06:01:10.493124
4268,Customer 4268,2,Standard,49.99,15.05,2025-07-24 06:01:10.493124
3376,Customer 3376,4,Unlimited,99.99,40.76,2024-10-13 06:01:10.493124
5936,Customer 5936,3,Premium,79.99,26.1,2025-01-27 06:01:10.493124
5862,Customer 5862,2,Standard,49.99,27.07,2025-05-15 06:01:10.493124
9954,Customer 9954,1,Basic,29.99,9.84,2024-12-15 06:01:10.493124
8961,Customer 8961,1,Basic,29.99,0.61,2024-07-24 06:01:10.493124
9431,Customer 9431,3,Premium,79.99,44.27,2025-08-13 06:01:10.493124
9304,Customer 9304,4,Unlimited,99.99,21.64,2025-01-13 06:01:10.493124
4852,Customer 4852,4,Unlimited,99.99,42.57,2026-01-09 06:01:10.493124
8117,Customer 8117,1,Basic,29.99,13.84,2025-02-27 06:01:10.493124
3878,Customer 3878,4,Unlimited,99.99,3.15,2024-12-21 06:01:10.493124
7957,Customer 7957,3,Premium,79.99,46.96,2025-05-24 06:01:10.493124
7637,Customer 7637,1,Basic,29.99,29.74,2026-03-16 06:01:10.493124
7443,Customer 7443,2,Standard,49.99,46.39,2025-05-18 06:01:10.493124
3624,Customer 3624,4,Unlimited,99.99,45.19,2025-11-01 06:01:10.493124
5695,Customer 5695,2,Standard,49.99,26.22,2025-11-18 06:01:10.493124
9305,Customer 9305,1,Basic,29.99,48.02,2025-11-12 06:01:10.493124
3827,Customer 3827,4,Unlimited,99.99,31.86,2025-07-18 06:01:10.493124
9892,Customer 9892,3,Premium,79.99,0.86,2024-09-25 06:01:10.493124
9835,Customer 9835,1,Basic,29.99,13.94,2025-09-05 06:01:10.493124
6520,Customer 6520,3,Premium,79.99,29.76,2024-07-20 06:01:10.493124
6981,Customer 6981,3,Premium,79.99,29.11,2024-09-19 06:01:10.493124
4435,Customer 4435,2,Standard,49.99,15.63,2025-06-10 06:01:10.493124
3677,Customer 3677,3,Premium,79.99,48.56,2025-01-16 06:01:10.493124
5590,Customer 5590,3,Premium,79.99,3.83,2024-11-25 06:01:10.493124
7552,Customer 7552,3,Premium,79.99,7.3,2024-11-18 06:01:10.493124
9127,Customer 9127,2,Standard,49.99,36.15,2025-04-11 06:01:10.493124
1190,Customer 1190,1,Basic,29.99,48.66,2024-07-02 06:01:10.493124
8522,Customer 8522,1,Basic,29.99,31.77,2026-01-03 06:01:10.493124
3339,Customer 3339,4,Unlimited,99.99,6.19,2024-12-01 06:01:10.493124
2067,Customer 2067,1,Basic,29.99,30.42,2025-05-25 06:01:10.493124
4612,Customer 4612,2,Standard,49.99,43.02,2026-03-26 06:01:10.493124
7202,Customer 7202,3,Premium,79.99,2.71,2024-07-20 06:01:10.494874
7739,Customer 7739,1,Basic,29.99,36.13,2024-08-19 06:01:10.494874
1659,Customer 1659,2,Standard,49.99,34.77,2026-04-22 06:01:10.494874
8114,Customer 8114,2,Standard,49.99,31.46,2025-01-07 06:01:10.494874
7645,Customer 7645,2,Standard,49.99,42.68,2026-03-05 06:01:10.494874
9194,Customer 9194,3,Premium,79.99,39.49,2025-08-20 06:01:10.494874
7110,Customer 7110,3,Premium,79.99,27.96,2026-03-08 06:01:10.494874
7538,Customer 7538,1,Basic,29.99,24.89,2025-09-30 06:01:10.494874
4928,Customer 4928,2,Standard,49.99,21.9,2025-11-30 06:01:10.494874
1908,Customer 1908,3,Premium,79.99,15.81,2024-06-30 06:01:10.494874
8829,Customer 8829,1,Basic,29.99,12.82,2024-09-09 06:01:10.494874
4183,Customer 4183,4,Unlimited,99.99,29.21,2025-06-12 06:01:10.494874
4623,Customer 4623,4,Unlimited,99.99,10.01,2025-04-20 06:01:10.494874
8382,Customer 8382,2,Standard,49.99,9.71,2025-06-07 06:01:10.494874
7089,Customer 7089,2,Standard,49.99,29.33,2026-04-12 06:01:10.494874
1692,Customer 1692,3,Premium,79.99,38.01,2024-09-06 06:01:10.494874
4697,Customer 4697,3,Premium,79.99,19.54,2024-10-23 06:01:10.494874
5889,Customer 5889,2,Standard,49.99,44.36,2025-04-06 06:01:10.494874
8449,Customer 8449,3,Premium,79.99,28.9,2025-05-02 06:01:10.494874
7805,Customer 7805,3,Premium,79.99,47.56,2026-02-25 06:01:10.494874
4475,Customer 4475,4,Unlimited,99.99,1.64,2025-12-22 06:01:10.494874
1709,Customer 1709,2,Standard,49.99,2.13,2025-11-15 06:01:10.494874
9012,Customer 9012,3,Premium,79.99,18.34,2025-08-28 06:01:10.494874
3283,Customer 3283,1,Basic,29.99,13.24,2025-04-22 06:01:10.494874
2554,Customer 2554,3,Premium,79.99,12.17,2025-05-31 06:01:10.494874
3459,Customer 3459,4,Unlimited,99.99,23.04,2025-10-11 06:01:10.494874
4840,Customer 4840,1,Basic,29.99,43.53,2025-05-28 06:01:10.494874
5935,Customer 5935,2,Standard,49.99,19.34,2025-03-24 06:01:10.494874
7287,Customer 7287,4,Unlimited,99.99,24.64,2025-11-26 06:01:10.494874
5976,Customer 5976,1,Basic,29.99,22.76,2025-12-09 06:01:10.494874
3427,Customer 3427,1,Basic,29.99,47.26,2025-04-25 06:01:10.494874
2887,Customer 2887,1,Basic,29.99,37.92,2025-11-15 06:01:10.494874
1176,Customer 1176,1,Basic,29.99,16.92,2025-09-14 06:01:10.494874
3321,Customer 3321,3,Premium,79.99,19.14,2025-06-21 06:01:10.494874
6993,Customer 6993,2,Standard,49.99,38.95,2025-04-06 06:01:10.494874
3315,Customer 3315,3,Premium,79.99,37.43,2025-03-02 06:01:10.494874
5315,Customer 5315,4,Unlimited,99.99,49.27,2025-08-13 06:01:10.494874
7645,Customer 7645,3,Premium,79.99,46.41,2024-10-26 06:01:10.494874
9645,Customer 9645,1,Basic,29.99,28.52,2024-06-05 06:01:10.494874
2647,Customer 2647,2,Standard,49.99,37.02,2025-03-22 06:01:10.494874
5438,Customer 5438,4,Unlimited,99.99,27.78,2025-10-21 06:01:10.494874
1680,Customer 1680,4,Unlimited,99.99,31.27,2025-07-18 06:01:10.494874
8049,Customer 8049,3,Premium,79.99,22.78,2025-07-26 06:01:10.494874
5090,Customer 5090,4,Unlimited,99.99,11.39,2024-10-30 06:01:10.494874
4680,Customer 4680,2,Standard,49.99,6.99,2025-05-10 06:01:10.494874
8448,Customer 8448,3,Premium,79.99,34.53,2025-03-26 06:01:10.494874
3466,Customer 3466,2,Standard,49.99,10.88,2025-09-20 06:01:10.494874
2851,Customer 2851,1,Basic,29.99,7.71,2025-09-09 06:01:10.494874
4881,Customer 4881,1,Basic,29.99,39.51,2025-10-13 06:01:10.494874
4772,Customer 4772,1,Basic,29.99,15.98,2025-04-24 06:01:10.494874
4259,Customer 4259,1,Basic,29.99,9.26,2024-08-01 06:01:10.494874
7496,Customer 7496,1,Basic,29.99,47.76,2024-09-06 06:01:10.494874
3119,Customer 3119,2,Standard,49.99,39.92,2025-02-13 06:01:10.494874
5118,Customer 5118,4,Unlimited,99.99,0.56,2025-06-16 06:01:10.494874
5799,Customer 5799,3,Premium,79.99,16.97,2024-04-26 06:01:10.494874
5296,Customer 5296,4,Unlimited,99.99,33.16,2024-07-28 06:01:10.494874
7499,Customer 7499,2,Standard,49.99,8.39,2024-07-16 06:01:10.494874
8870,Customer 8870,1,Basic,29.99,27.62,2024-08-10 06:01:10.494874
2678,Customer 2678,4,Unlimited,99.99,29.16,2025-03-02 06:01:10.494874
3011,Customer 3011,1,Basic,29.99,42.95,2026-04-08 06:01:10.494874
3620,Customer 3620,4,Unlimited,99.99,37.82,2025-10-10 06:01:10.494874
6132,Customer 6132,3,Premium,79.99,46.48,2025-03-11 06:01:10.494874
4811,Customer 4811,1,Basic,29.99,32.01,2026-02-08 06:01:10.494874
8041,Customer 8041,2,Standard,49.99,28.15,2024-06-10 06:01:10.494874
7413,Customer 7413,1,Basic,29.99,1.03,2026-03-24 06:01:10.494874
4273,Customer 4273,4,Unlimited,99.99,38.06,2025-04-07 06:01:10.494874
8291,Customer 8291,3,Premium,79.99,41.87,2025-09-22 06:01:10.494874
6195,Customer 6195,4,Unlimited,99.99,17.3,2026-01-19 06:01:10.494874
5901,Customer 5901,1,Basic,29.99,0.13,2024-12-20 06:01:10.494874
2227,Customer 2227,2,Standard,49.99,37.91,2024-10-06 06:01:10.494874
3830,Customer 3830,1,Basic,29.99,35.66,2024-11-22 06:01:10.494874
3233,Customer 3233,2,Standard,49.99,39.61,2025-04-15 06:01:10.494874
4297,Customer 4297,1,Basic,29.99,0.92,2025-11-08 06:01:10.494874
2518,Customer 2518,1,Basic,29.99,43.58,2024-10-30 06:01:10.494874
4127,Customer 4127,4,Unlimited,99.99,20.19,2024-07-24 06:01:10.494874
2437,Customer 2437,3,Premium,79.99,6.43,2026-04-19 06:01:10.494874
9286,Customer 9286,1,Basic,29.99,40.68,2024-11-11 06:01:10.494874
9976,Customer 9976,1,Basic,29.99,46.35,2025-02-20 06:01:10.494874
7233,Customer 7233,4,Unlimited,99.99,28.76,2024-05-30 06:01:10.494874
2201,Customer 2201,3,Premium,79.99,17.82,2025-08-30 06:01:10.494874
8856,Customer 8856,3,Premium,79.99,4.61,2025-08-16 06:01:10.494874
8105,Customer 8105,1,Basic,29.99,19.61,2025-05-16 06:01:10.494874
9516,Customer 9516,2,Standard,49.99,48.62,2024-09-13 06:01:10.494874
8870,Customer 8870,2,Standard,49.99,37.4,2026-01-10 06:01:10.494874
4289,Customer 4289,1,Basic,29.99,17.44,2026-01-14 06:01:10.494874
1623,Customer 1623,4,Unlimited,99.99,34.32,2025-05-04 06:01:10.494874
4943,Customer 4943,3,Premium,79.99,47.41,2026-04-20 06:01:10.494874
2212,Customer 2212,1,Basic,29.99,15.05,2024-11-03 06:01:10.494874
2801,Customer 2801,4,Unlimited,99.99,24.79,2025-07-05 06:01:10.494874
6062,Customer 6062,4,Unlimited,99.99,1.84,2024-10-03 06:01:10.494874
8011,Customer 8011,2,Standard,49.99,33.36,2026-02-17 06:01:10.494874
2863,Customer 2863,1,Basic,29.99,45.85,2024-04-24 06:01:10.494874
8236,Customer 8236,1,Basic,29.99,39.59,2024-10-06 06:01:10.494874
4888,Customer 4888,2,Standard,49.99,41.15,2024-11-06 06:01:10.494874
2855,Customer 2855,4,Unlimited,99.99,29.19,2025-06-13 06:01:10.494874
2727,Customer 2727,3,Premium,79.99,46.86,2026-01-05 06:01:10.494874
9137,Customer 9137,2,Standard,49.99,8.7,2024-12-28 06:01:10.494874
2459,Customer 2459,4,Unlimited,99.99,2.37,2026-01-16 06:01:10.494874
9395,Customer 9395,2,Standard,49.99,31.17,2024-07-05 06:01:10.494874
1505,Customer 1505,3,Premium,79.99,21.53,2025-12-29 06:01:10.494874
3034,Customer 3034,3,Premium,79.99,31.64,2024-08-16 06:01:10.494874
7822,Customer 7822,2,Standard,49.99,44.19,2024-09-18 06:01:10.494874
7075,Customer 7075,4,Unlimited,99.99,0.84,2025-11-03 06:01:10.494874
6129,Customer 6129,1,Basic,29.99,16.69,2024-08-08 06:01:10.494874
9486,Customer 9486,2,Standard,49.99,25.45,2025-10-22 06:01:10.494874
3778,Customer 3778,4,Unlimited,99.99,32.41,2024-06-28 06:01:10.494874
7472,Customer 7472,1,Basic,29.99,2.88,2025-09-09 06:01:10.494874
4121,Customer 4121,3,Premium,79.99,49.34,2024-09-17 06:01:10.494874
1226,Customer 1226,2,Standard,49.99,6.71,2024-10-16 06:01:10.494874
6415,Customer 6415,2,Standard,49.99,30.38,2025-12-14 06:01:10.494874
9111,Customer 9111,2,Standard,49.99,24.81,2025-08-22 06:01:10.494874
8081,Customer 8081,4,Unlimited,99.99,15.62,2025-09-14 06:01:10.494874
4445,Customer 4445,2,Standard,49.99,40.95,2026-01-21 06:01:10.494874
8885,Customer 8885,1,Basic,29.99,24.35,2026-04-20 06:01:10.494874
6469,Customer 6469,1,Basic,29.99,17.13,2024-11-16 06:01:10.494874
9046,Customer 9046,2,Standard,49.99,15.15,2026-04-13 06:01:10.494874
5354,Customer 5354,2,Standard,49.99,7.89,2024-05-19 06:01:10.494874
6904,Customer 6904,2,Standard,49.99,4.27,2025-04-06 06:01:10.494874
5325,Customer 5325,1,Basic,29.99,27.48,2024-07-08 06:01:10.494874
3260,Customer 3260,2,Standard,49.99,41.2,2024-07-06 06:01:10.494874
4892,Customer 4892,2,Standard,49.99,7.73,2024-08-19 06:01:10.494874
3308,Customer 3308,3,Premium,79.99,26.89,2025-05-14 06:01:10.494874
4396,Customer 4396,1,Basic,29.99,40.0,2024-12-04 06:01:10.494874
5987,Customer 5987,2,Standard,49.99,13.49,2024-09-10 06:01:10.494874
5736,Customer 5736,2,Standard,49.99,2.25,2025-09-29 06:01:10.494874
5403,Customer 5403,4,Unlimited,99.99,8.17,2025-02-13 06:01:10.494874
1246,Customer 1246,3,Premium,79.99,5.63,2025-03-01 06:01:10.494874
6240,Customer 6240,1,Basic,29.99,40.68,2026-04-07 06:01:10.494874
6819,Customer 6819,1,Basic,29.99,41.19,2025-11-20 06:01:10.494874
8742,Customer 8742,1,Basic,29.99,14.41,2024-12-20 06:01:10.494874
4896,Customer 4896,2,Standard,49.99,22.21,2025-07-12 06:01:10.494874
3080,Customer 3080,1,Basic,29.99,31.47,2026-01-10 06:01:10.494874
5466,Customer 5466,1,Basic,29.99,46.49,2025-09-17 06:01:10.494874
9230,Customer 9230,4,Unlimited,99.99,13.95,2025-06-12 06:01:10.494874
5659,Customer 5659,4,Unlimited,99.99,40.47,2024-05-15 06:01:10.494874
4168,Customer 4168,2,Standard,49.99,40.65,2024-05-20 06:01:10.494874
4839,Customer 4839,1,Basic,29.99,24.98,2026-04-20 06:01:10.494874
4080,Customer 4080,1,Basic,29.99,4.47,2025-04-06 06:01:10.494874
4846,Customer 4846,4,Unlimited,99.99,20.74,2024-07-07 06:01:10.494874
4677,Customer 4677,1,Basic,29.99,0.29,2025-10-08 06:01:10.494874
7246,Customer 7246,4,Unlimited,99.99,16.15,2026-02-17 06:01:10.494874
9178,Customer 9178,4,Unlimited,99.99,10.38,2024-10-25 06:01:10.494874
1341,Customer 1341,2,Standard,49.99,25.01,2026-01-18 06:01:10.494874
1516,Customer 1516,3,Premium,79.99,37.07,2025-11-09 06:01:10.494874
7425,Customer 7425,2,Standard,49.99,43.59,2026-04-15 06:01:10.494874
9760,Customer 9760,2,Standard,49.99,39.88,2025-02-13 06:01:10.494874
1865,Customer 1865,1,Basic,29.99,18.35,2026-04-20 06:01:10.494874
5331,Customer 5331,2,Standard,49.99,34.32,2024-05-17 06:01:10.494874
6978,Customer 6978,1,Basic,29.99,34.58,2024-07-06 06:01:10.494874
9456,Customer 9456,2,Standard,49.99,5.81,2025-04-04 06:01:10.494874
3827,Customer 3827,3,Premium,79.99,15.7,2025-05-29 06:01:10.494874
2517,Customer 2517,3,Premium,79.99,13.66,2024-10-25 06:01:10.494874
4446,Customer 4446,1,Basic,29.99,28.62,2024-11-18 06:01:10.494874
7420,Customer 7420,3,Premium,79.99,2.34,2025-05-31 06:01:10.494874
7802,Customer 7802,4,Unlimited,99.99,19.42,2024-09-18 06:01:10.494874
7215,Customer 7215,3,Premium,79.99,12.07,2025-03-09 06:01:10.494874
4000,Customer 4000,1,Basic,29.99,48.42,2026-04-16 06:01:10.494874
3976,Customer 3976,2,Standard,49.99,24.93,2026-01-04 06:01:10.494874
8102,Customer 8102,3,Premium,79.99,5.87,2024-11-15 06:01:10.494874
2485,Customer 2485,1,Basic,29.99,10.95,2025-06-21 06:01:10.494874
7193,Customer 7193,1,Basic,29.99,25.25,2024-08-13 06:01:10.494874
2162,Customer 2162,3,Premium,79.99,11.26,2025-07-13 06:01:10.494874
4875,Customer 4875,2,Standard,49.99,44.59,2024-08-24 06:01:10.494874
3636,Customer 3636,4,Unlimited,99.99,28.45,2024-11-06 06:01:10.494874
9444,Customer 9444,2,Standard,49.99,19.66,2025-10-22 06:01:10.494874
1423,Customer 1423,1,Basic,29.99,23.49,2026-02-12 06:01:10.494874
7390,Customer 7390,3,Premium,79.99,3.79,2024-12-27 06:01:10.494874
6973,Customer 6973,2,Standard,49.99,2.08,2025-06-19 06:01:10.494874
6164,Customer 6164,2,Standard,49.99,39.72,2025-05-06 06:01:10.494874
4749,Customer 4749,1,Basic,29.99,18.64,2024-10-26 06:01:10.494874
7369,Customer 7369,3,Premium,79.99,12.19,2025-08-02 06:01:10.494874
6970,Customer 6970,4,Unlimited,99.99,37.51,2025-10-18 06:01:10.494874
7099,Customer 7099,4,Unlimited,99.99,18.13,2024-05-07 06:01:10.494874
5669,Customer 5669,4,Unlimited,99.99,1.64,2024-06-18 06:01:10.494874
4812,Customer 4812,1,Basic,29.99,38.45,2024-05-25 06:01:10.494874
7764,Customer 7764,3,Premium,79.99,26.91,2025-01-01 06:01:10.494874
2182,Customer 2182,1,Basic,29.99,4.36,2024-05-31 06:01:10.494874
7855,Customer 7855,2,Standard,49.99,29.52,2025-03-15 06:01:10.494874
3061,Customer 3061,4,Unlimited,99.99,38.51,2025-02-06 06:01:10.494874
8338,Customer 8338,4,Unlimited,99.99,36.32,2025-01-03 06:01:10.494874
1154,Customer 1154,2,Standard,49.99,37.78,2026-03-19 06:01:10.494874
3696,Customer 3696,1,Basic,29.99,47.54,2024-09-04 06:01:10.494874
5444,Customer 5444,3,Premium,79.99,17.48,2025-08-23 06:01:10.494874
4652,Customer 4652,1,Basic,29.99,37.98,2024-08-09 06:01:10.494874
3076,Customer 3076,4,Unlimited,99.99,9.1,2025-05-31 06:01:10.494874
4796,Customer 4796,1,Basic,29.99,7.61,2025-07-14 06:01:10.494874
4984,Customer 4984,3,Premium,79.99,40.84,2026-03-08 06:01:10.494874
4991,Customer 4991,1,Basic,29.99,48.0,2024-11-24 06:01:10.494874
6601,Customer 6601,1,Basic,29.99,45.88,2025-05-14 06:01:10.494874
4648,Customer 4648,2,Standard,49.99,38.6,2024-07-06 06:01:10.494874
2678,Customer 2678,2,Standard,49.99,34.72,2026-02-01 06:01:10.494874
3817,Customer 3817,1,Basic,29.99,21.39,2024-11-02 06:01:10.494874
1964,Customer 1964,1,Basic,29.99,18.93,2025-02-21 06:01:10.494874
3315,Customer 3315,1,Basic,29.99,15.01,2026-03-06 06:01:10.494874
6950,Customer 6950,2,Standard,49.99,23.11,2025-06-19 06:01:10.494874
6524,Customer 6524,3,Premium,79.99,13.97,2025-01-21 06:01:10.494874
7079,Customer 7079,1,Basic,29.99,32.87,2026-01-21 06:01:10.494874
4027,Customer 4027,4,Unlimited,99.99,5.82,2025-04-02 06:01:10.494874
6551,Customer 6551,4,Unlimited,99.99,3.55,2024-10-08 06:01:10.494874
8542,Customer 8542,4,Unlimited,99.99,2.66,2026-04-15 06:01:10.494874
2629,Customer 2629,1,Basic,29.99,0.7,2025-04-14 06:01:10.494874
1336,Customer 1336,3,Premium,79.99,10.07,2024-12-03 06:01:10.494874
4578,Customer 4578,1,Basic,29.99,20.83,2024-06-26 06:01:10.494874
2314,Customer 2314,2,Standard,49.99,43.3,2025-09-30 06:01:10.494874
6977,Customer 6977,2,Standard,49.99,21.79,2025-02-15 06:01:10.494874
5528,Customer 5528,2,Standard,49.99,12.95,2024-06-24 06:01:10.494874
5609,Customer 5609,1,Basic,29.99,11.55,2025-01-26 06:01:10.494874
8900,Customer 8900,3,Premium,79.99,17.49,2025-12-05 06:01:10.494874
6839,Customer 6839,2,Standard,49.99,26.61,2024-12-02 06:01:10.494874
8621,Customer 8621,1,Basic,29.99,2.57,2026-02-17 06:01:10.494874
3092,Customer 3092,3,Premium,79.99,12.13,2025-07-09 06:01:10.494874
1560,Customer 1560,2,Standard,49.99,38.87,2025-06-10 06:01:10.494874
1885,Customer 1885,3,Premium,79.99,19.98,2024-05-10 06:01:10.494874
6824,Customer 6824,4,Unlimited,99.99,9.0,2024-09-29 06:01:10.494874
2305,Customer 2305,4,Unlimited,99.99,35.01,2025-11-27 06:01:10.494874
8804,Customer 8804,4,Unlimited,99.99,48.45,2024-06-17 06:01:10.494874
5985,Customer 5985,2,Standard,49.99,38.52,2025-09-06 06:01:10.494874
9431,Customer 9431,2,Standard,49.99,15.31,2025-10-24 06:01:10.494874
6244,Customer 6244,3,Premium,79.99,4.76,2025-10-23 06:01:10.494874
1363,Customer 1363,2,Standard,49.99,17.37,2025-09-02 06:01:10.494874
7054,Customer 7054,1,Basic,29.99,5.74,2024-10-22 06:01:10.494874
8072,Customer 8072,3,Premium,79.99,37.36,2025-11-04 06:01:10.494874
7094,Customer 7094,2,Standard,49.99,29.48,2025-07-02 06:01:10.494874
8898,Customer 8898,3,Premium,79.99,41.4,2025-07-07 06:01:10.494874
5695,Customer 5695,1,Basic,29.99,13.7,2024-08-24 06:01:10.494874
5317,Customer 5317,2,Standard,49.99,36.76,2026-01-16 06:01:10.494874
1116,Customer 1116,4,Unlimited,99.99,28.74,2025-03-27 06:01:10.494874
5693,Customer 5693,2,Standard,49.99,3.22,2025-04-11 06:01:10.494874
2652,Customer 2652,1,Basic,29.99,6.59,2024-06-01 06:01:10.494874
7351,Customer 7351,2,Standard,49.99,22.85,2024-09-06 06:01:10.494874
1247,Customer 1247,2,Standard,49.99,22.33,2026-02-18 06:01:10.494874
4700,Customer 4700,1,Basic,29.99,10.97,2025-12-15 06:01:10.494874
5409,Customer 5409,1,Basic,29.99,9.35,2025-07-12 06:01:10.494874
7507,Customer 7507,3,Premium,79.99,14.08,2025-11-06 06:01:10.494874
8341,Customer 8341,3,Premium,79.99,33.03,2025-05-12 06:01:10.494874
1877,Customer 1877,3,Premium,79.99,25.57,2025-08-18 06:01:10.494874
7931,Customer 7931,1,Basic,29.99,46.95,2025-04-10 06:01:10.494874
4564,Customer 4564,2,Standard,49.99,40.32,2024-08-09 06:01:10.494874
3805,Customer 3805,2,Standard,49.99,5.6,2025-08-21 06:01:10.494874
7019,Customer 7019,1,Basic,29.99,6.04,2025-05-07 06:01:10.494874
7407,Customer 7407,2,Standard,49.99,18.43,2024-07-23 06:01:10.494874
8314,Customer 8314,1,Basic,29.99,47.19,2024-09-21 06:01:10.494874
2423,Customer 2423,2,Standard,49.99,44.34,2025-11-26 06:01:10.494874
4608,Customer 4608,3,Premium,79.99,36.94,2025-11-06 06:01:10.494874
4691,Customer 4691,1,Basic,29.99,36.43,2025-12-22 06:01:10.494874
7414,Customer 7414,3,Premium,79.99,15.58,2026-02-01 06:01:10.494874
9465,Customer 9465,2,Standard,49.99,36.81,2025-02-12 06:01:10.494874
4692,Customer 4692,4,Unlimited,99.99,48.04,2026-01-27 06:01:10.494874
6493,Customer 6493,2,Standard,49.99,4.6,2025-07-03 06:01:10.494874
4015,Customer 4015,2,Standard,49.99,5.75,2024-12-07 06:01:10.494874
9604,Customer 9604,3,Premium,79.99,49.35,2025-09-06 06:01:10.494874
4797,Customer 4797,4,Unlimited,99.99,36.23,2024-06-12 06:01:10.494874
8548,Customer 8548,3,Premium,79.99,41.15,2024-09-01 06:01:10.494874
4203,Customer 4203,4,Unlimited,99.99,28.99,2025-08-06 06:01:10.494874
1136,Customer 1136,3,Premium,79.99,41.71,2025-11-21 06:01:10.494874
1666,Customer 1666,4,Unlimited,99.99,2.53,2024-10-07 06:01:10.494874
3731,Customer 3731,1,Basic,29.99,30.62,2024-09-10 06:01:10.494874
4176,Customer 4176,2,Standard,49.99,22.91,2025-03-09 06:01:10.494874
2928,Customer 2928,3,Premium,79.99,11.16,2024-12-04 06:01:10.494874
5623,Customer 5623,2,Standard,49.99,29.38,2026-04-12 06:01:10.494874
5813,Customer 5813,1,Basic,29.99,21.29,2026-04-02 06:01:10.494874
9032,Customer 9032,3,Premium,79.99,33.24,2026-03-13 06:01:10.494874
9052,Customer 9052,3,Premium,79.99,31.03,2024-06-01 06:01:10.494874
4646,Customer 4646,1,Basic,29.99,29.61,2025-03-03 06:01:10.494874
6135,Customer 6135,3,Premium,79.99,19.09,2025-05-23 06:01:10.494874
9267,Customer 9267,3,Premium,79.99,33.57,2024-09-30 06:01:10.494874
6213,Customer 6213,2,Standard,49.99,22.45,2025-06-02 06:01:10.494874
9092,Customer 9092,3,Premium,79.99,49.99,2024-12-03 06:01:10.494874
2348,Customer 2348,3,Premium,79.99,33.16,2026-03-10 06:01:10.494874
9151,Customer 9151,3,Premium,79.99,6.42,2025-06-21 06:01:10.494874
7353,Customer 7353,4,Unlimited,99.99,9.98,2026-03-09 06:01:10.494874
7723,Customer 7723,1,Basic,29.99,31.82,2025-01-06 06:01:10.494874
8178,Customer 8178,3,Premium,79.99,2.72,2024-06-14 06:01:10.494874
5798,Customer 5798,3,Premium,79.99,32.66,2024-05-05 06:01:10.494874
7560,Customer 7560,4,Unlimited,99.99,37.04,2025-12-21 06:01:10.494874
8970,Customer 8970,3,Premium,79.99,32.33,2025-12-03 06:01:10.494874
4141,Customer 4141,3,Premium,79.99,3.91,2026-03-31 06:01:10.494874
9900,Customer 9900,2,Standard,49.99,6.63,2025-09-03 06:01:10.494874
4618,Customer 4618,1,Basic,29.99,39.55,2025-09-21 06:01:10.494874
5144,Customer 5144,3,Premium,79.99,14.72,2024-11-08 06:01:10.494874
2165,Customer 2165,2,Standard,49.99,41.88,2026-01-02 06:01:10.494874
4490,Customer 4490,4,Unlimited,99.99,38.44,2025-10-27 06:01:10.494874
7216,Customer 7216,3,Premium,79.99,30.26,2024-04-30 06:01:10.494874
1229,Customer 1229,1,Basic,29.99,45.67,2025-07-04 06:01:10.494874
2999,Customer 2999,3,Premium,79.99,23.6,2025-10-02 06:01:10.494874
2008,Customer 2008,3,Premium,79.99,15.09,2025-01-10 06:01:10.494874
6962,Customer 6962,3,Premium,79.99,47.52,2026-02-04 06:01:10.494874
8514,Customer 8514,3,Premium,79.99,29.53,2025-03-18 06:01:10.494874
5376,Customer 5376,3,Premium,79.99,31.99,2025-04-12 06:01:10.494874
2614,Customer 2614,4,Unlimited,99.99,14.65,2024-04-28 06:01:10.494874
1592,Customer 1592,3,Premium,79.99,11.22,2025-09-06 06:01:10.494874
7874,Customer 7874,1,Basic,29.99,49.32,2025-01-25 06:01:10.494874
1104,Customer 1104,3,Premium,79.99,20.7,2025-12-29 06:01:10.494874
7636,Customer 7636,1,Basic,29.99,1.57,2024-06-25 06:01:10.494874
2979,Customer 2979,4,Unlimited,99.99,10.83,2025-07-07 06:01:10.494874
6125,Customer 6125,2,Standard,49.99,7.61,2025-07-29 06:01:10.494874
7372,Customer 7372,3,Premium,79.99,23.44,2026-04-05 06:01:10.494874
9342,Customer 9342,3,Premium,79.99,0.36,2025-03-22 06:01:10.494874
6719,Customer 6719,3,Premium,79.99,22.29,2024-09-22 06:01:10.494874
2580,Customer 2580,2,Standard,49.99,37.39,2025-05-24 06:01:10.494874
6440,Customer 6440,4,Unlimited,99.99,3.35,2025-11-01 06:01:10.494874
8209,Customer 8209,4,Unlimited,99.99,27.06,2025-01-01 06:01:10.494874
2745,Customer 2745,1,Basic,29.99,40.13,2025-05-25 06:01:10.494874
2751,Customer 2751,4,Unlimited,99.99,28.84,2026-01-17 06:01:10.494874
3912,Customer 3912,1,Basic,29.99,22.88,2026-02-25 06:01:10.494874
2770,Customer 2770,3,Premium,79.99,2.1,2024-12-12 06:01:10.494874
9650,Customer 9650,1,Basic,29.99,31.08,2025-06-28 06:01:10.494874
5351,Customer 5351,2,Standard,49.99,4.37,2025-12-28 06:01:10.494874
7532,Customer 7532,2,Standard,49.99,25.37,2024-05-05 06:01:10.494874
6730,Customer 6730,3,Premium,79.99,16.94,2025-04-10 06:01:10.494874
5862,Customer 5862,1,Basic,29.99,44.02,2024-12-03 06:01:10.494874
4109,Customer 4109,4,Unlimited,99.99,18.19,2024-05-17 06:01:10.494874
3808,Customer 3808,4,Unlimited,99.99,34.92,2026-03-09 06:01:10.494874
6823,Customer 6823,1,Basic,29.99,24.19,2025-10-17 06:01:10.494874
2142,Customer 2142,1,Basic,29.99,6.5,2025-06-11 06:01:10.494874
1566,Customer 1566,2,Standard,49.99,29.99,2026-02-17 06:01:10.494874
7547,Customer 7547,2,Standard,49.99,23.25,2025-10-29 06:01:10.494874
2342,Customer 2342,1,Basic,29.99,36.81,2025-09-14 06:01:10.494874
6979,Customer 6979,3,Premium,79.99,0.72,2025-01-26 06:01:10.494874
4838,Customer 4838,4,Unlimited,99.99,7.37,2026-04-09 06:01:10.494874
1783,Customer 1783,1,Basic,29.99,44.92,2025-06-23 06:01:10.494874
9897,Customer 9897,2,Standard,49.99,3.86,2025-05-13 06:01:10.494874
2907,Customer 2907,3,Premium,79.99,15.04,2025-09-01 06:01:10.494874
2272,Customer 2272,2,Standard,49.99,39.07,2025-11-17 06:01:10.494874
4122,Customer 4122,1,Basic,29.99,0.21,2025-12-24 06:01:10.494874
8538,Customer 8538,2,Standard,49.99,2.35,2024-06-05 06:01:10.494874
8693,Customer 8693,1,Basic,29.99,16.43,2024-06-26 06:01:10.494874
2839,Customer 2839,3,Premium,79.99,17.88,2025-08-07 06:01:10.494874
8755,Customer 8755,4,Unlimited,99.99,15.49,2024-10-08 06:01:10.494874
4187,Customer 4187,4,Unlimited,99.99,21.85,2025-03-17 06:01:10.494874
1802,Customer 1802,3,Premium,79.99,23.44,2025-06-29 06:01:10.494874
3276,Customer 3276,1,Basic,29.99,21.16,2025-03-31 06:01:10.494874
3960,Customer 3960,3,Premium,79.99,46.05,2025-03-06 06:01:10.494874
5130,Customer 5130,4,Unlimited,99.99,38.28,2025-03-07 06:01:10.494874
6804,Customer 6804,3,Premium,79.99,20.53,2025-02-06 06:01:10.494874
9817,Customer 9817,4,Unlimited,99.99,37.66,2025-05-28 06:01:10.494874
8785,Customer 8785,3,Premium,79.99,15.67,2026-01-03 06:01:10.494874
3626,Customer 3626,3,Premium,79.99,40.25,2025-06-19 06:01:10.494874
4999,Customer 4999,3,Premium,79.99,20.21,2025-10-09 06:01:10.494874
8997,Customer 8997,3,Premium,79.99,17.99,2025-01-18 06:01:10.494874
8403,Customer 8403,2,Standard,49.99,0.9,2024-07-21 06:01:10.494874
1638,Customer 1638,3,Premium,79.99,38.79,2026-01-28 06:01:10.494874
6491,Customer 6491,4,Unlimited,99.99,19.73,2024-05-03 06:01:10.494874
6132,Customer 6132,3,Premium,79.99,42.92,2026-02-27 06:01:10.494874
8240,Customer 8240,3,Premium,79.99,21.51,2025-06-02 06:01:10.494874
2862,Customer 2862,1,Basic,29.99,5.41,2024-11-04 06:01:10.494874
2090,Customer 2090,2,Standard,49.99,20.0,2025-03-18 06:01:10.494874
2547,Customer 2547,2,Standard,49.99,17.19,2024-04-28 06:01:10.494874
4869,Customer 4869,2,Standard,49.99,4.13,2025-06-19 06:01:10.494874
7627,Customer 7627,4,Unlimited,99.99,7.3,2025-12-17 06:01:10.494874
1361,Customer 1361,2,Standard,49.99,19.75,2025-06-02 06:01:10.494874
2698,Customer 2698,1,Basic,29.99,38.95,2025-04-09 06:01:10.494874
7805,Customer 7805,2,Standard,49.99,47.84,2025-07-18 06:01:10.494874
7312,Customer 7312,3,Premium,79.99,25.28,2025-11-29 06:01:10.494874
5139,Customer 5139,4,Unlimited,99.99,18.46,2026-02-27 06:01:10.494874
3085,Customer 3085,2,Standard,49.99,36.25,2024-11-27 06:01:10.494874
2964,Customer 2964,1,Basic,29.99,34.96,2026-02-12 06:01:10.494874
2167,Customer 2167,1,Basic,29.99,35.11,2025-04-14 06:01:10.494874
1590,Customer 1590,2,Standard,49.99,26.81,2024-08-29 06:01:10.494874
7051,Customer 7051,4,Unlimited,99.99,29.58,2025-12-19 06:01:10.494874
5363,Customer 5363,3,Premium,79.99,10.7,2025-06-01 06:01:10.494874
7210,Customer 7210,1,Basic,29.99,14.63,2025-11-10 06:01:10.494874
5061,Customer 5061,1,Basic,29.99,12.31,2024-10-15 06:01:10.494874
1701,Customer 1701,4,Unlimited,99.99,12.17,2025-02-22 06:01:10.494874
5259,Customer 5259,4,Unlimited,99.99,10.5,2025-04-25 06:01:10.494874
7774,Customer 7774,3,Premium,79.99,12.63,2025-06-30 06:01:10.494874
8821,Customer 8821,1,Basic,29.99,3.29,2024-08-30 06:01:10.494874
7054,Customer 7054,2,Standard,49.99,28.68,2024-11-08 06:01:10.494874
3138,Customer 3138,4,Unlimited,99.99,6.53,2024-06-07 06:01:10.494874
5701,Customer 5701,4,Unlimited,99.99,32.1,2024-09-04 06:01:10.494874
7721,Customer 7721,3,Premium,79.99,18.16,2025-09-02 06:01:10.494874
1432,Customer 1432,2,Standard,49.99,15.08,2025-01-12 06:01:10.494874
6381,Customer 6381,4,Unlimited,99.99,22.47,2025-02-19 06:01:10.494874
6576,Customer 6576,4,Unlimited,99.99,23.83,2024-10-17 06:01:10.494874
5427,Customer 5427,4,Unlimited,99.99,38.53,2025-08-05 06:01:10.494874
8262,Customer 8262,1,Basic,29.99,46.66,2024-07-19 06:01:10.494874
5715,Customer 5715,1,Basic,29.99,43.01,2025-03-15 06:01:10.494874
1751,Customer 1751,3,Premium,79.99,13.21,2024-11-26 06:01:10.494874
1613,Customer 1613,2,Standard,49.99,7.27,2024-06-05 06:01:10.494874
8241,Customer 8241,1,Basic,29.99,34.97,2025-06-03 06:01:10.494874
8769,Customer 8769,3,Premium,79.99,28.63,2025-01-12 06:01:10.494874
3607,Customer 3607,1,Basic,29.99,2.95,2025-07-05 06:01:10.494874
2662,Customer 2662,4,Unlimited,99.99,8.53,2026-01-02 06:01:10.494874
4291,Customer 4291,2,Standard,49.99,29.25,2025-10-14 06:01:10.494874
5966,Customer 5966,3,Premium,79.99,6.04,2024-06-17 06:01:10.494874
7362,Customer 7362,2,Standard,49.99,43.96,2025-03-11 06:01:10.494874
1765,Customer 1765,3,Premium,79.99,45.43,2024-06-16 06:01:10.494874
2314,Customer 2314,4,Unlimited,99.99,18.52,2024-08-18 06:01:10.494874
3330,Customer 3330,1,Basic,29.99,5.35,2024-05-28 06:01:10.494874
7187,Customer 7187,3,Premium,79.99,47.28,2025-08-09 06:01:10.494874
6991,Customer 6991,3,Premium,79.99,43.71,2025-10-05 06:01:10.494874
3218,Customer 3218,4,Unlimited,99.99,42.11,2025-10-19 06:01:10.494874
9812,Customer 9812,3,Premium,79.99,19.79,2025-08-14 06:01:10.494874
6615,Customer 6615,2,Standard,49.99,33.29,2024-07-18 06:01:10.494874
3127,Customer 3127,1,Basic,29.99,24.82,2024-11-04 06:01:10.494874
7435,Customer 7435,4,Unlimited,99.99,33.58,2026-01-01 06:01:10.494874
5871,Customer 5871,3,Premium,79.99,14.44,2025-02-07 06:01:10.494874
4322,Customer 4322,1,Basic,29.99,10.0,2024-06-19 06:01:10.494874
8968,Customer 8968,1,Basic,29.99,39.06,2025-04-26 06:01:10.494874
4979,Customer 4979,3,Premium,79.99,5.71,2025-08-21 06:01:10.494874
3963,Customer 3963,1,Basic,29.99,7.57,2025-11-07 06:01:10.494874
8510,Customer 8510,1,Basic,29.99,38.81,2024-11-04 06:01:10.494874
9173,Customer 9173,4,Unlimited,99.99,14.11,2024-09-30 06:01:10.494874
8302,Customer 8302,3,Premium,79.99,19.93,2024-07-15 06:01:10.494874
8143,Customer 8143,4,Unlimited,99.99,16.24,2026-01-24 06:01:10.494874
9426,Customer 9426,4,Unlimited,99.99,18.03,2026-02-28 06:01:10.494874
7031,Customer 7031,3,Premium,79.99,48.76,2025-02-28 06:01:10.494874
6697,Customer 6697,4,Unlimited,99.99,47.69,2025-05-25 06:01:10.494874
5921,Customer 5921,3,Premium,79.99,48.62,2025-04-29 06:01:10.494874
7003,Customer 7003,2,Standard,49.99,28.77,2024-06-10 06:01:10.494874
3528,Customer 3528,4,Unlimited,99.99,20.53,2025-08-30 06:01:10.494874
2633,Customer 2633,3,Premium,79.99,32.31,2026-03-17 06:01:10.494874
6356,Customer 6356,3,Premium,79.99,1.12,2026-02-23 06:01:10.494874
2530,Customer 2530,2,Standard,49.99,8.73,2025-09-26 06:01:10.494874
6905,Customer 6905,1,Basic,29.99,34.69,2024-11-07 06:01:10.494874
4279,Customer 4279,2,Standard,49.99,8.98,2025-12-03 06:01:10.494874
4575,Customer 4575,4,Unlimited,99.99,29.31,2024-05-25 06:01:10.494874
8829,Customer 8829,2,Standard,49.99,26.8,2026-02-25 06:01:10.494874
9046,Customer 9046,4,Unlimited,99.99,30.88,2025-11-11 06:01:10.494874
8661,Customer 8661,1,Basic,29.99,4.99,2025-12-30 06:01:10.494874
2015,Customer 2015,4,Unlimited,99.99,38.36,2024-09-06 06:01:10.494874
1829,Customer 1829,2,Standard,49.99,40.24,2024-12-09 06:01:10.494874
9889,Customer 9889,1,Basic,29.99,4.73,2025-08-29 06:01:10.494874
1239,Customer 1239,2,Standard,49.99,17.01,2026-04-05 06:01:10.494874
6560,Customer 6560,1,Basic,29.99,44.16,2026-03-09 06:01:10.494874
7820,Customer 7820,1,Basic,29.99,22.0,2024-04-27 06:01:10.494874
9204,Customer 9204,3,Premium,79.99,29.03,2024-06-07 06:01:10.494874
2569,Customer 2569,3,Premium,79.99,38.95,2025-07-08 06:01:10.494874
8181,Customer 8181,1,Basic,29.99,18.62,2024-07-08 06:01:10.494874
8529,Customer 8529,4,Unlimited,99.99,41.0,2026-03-20 06:01:10.494874
7850,Customer 7850,3,Premium,79.99,39.44,2024-10-15 06:01:10.494874
7005,Customer 7005,1,Basic,29.99,29.95,2026-01-10 06:01:10.494874
5626,Customer 5626,1,Basic,29.99,44.7,2025-02-05 06:01:10.494874
9934,Customer 9934,2,Standard,49.99,1.93,2025-06-04 06:01:10.494874
1095,Customer 1095,1,Basic,29.99,23.29,2025-04-03 06:01:10.494874
2980,Customer 2980,1,Basic,29.99,1.63,2025-02-03 06:01:10.494874
8484,Customer 8484,4,Unlimited,99.99,41.49,2024-12-20 06:01:10.494874
6890,Customer 6890,2,Standard,49.99,16.77,2026-02-05 06:01:10.494874
6219,Customer 6219,2,Standard,49.99,0.18,2024-11-23 06:01:10.494874
4231,Customer 4231,4,Unlimited,99.99,2.22,2025-08-28 06:01:10.494874
2432,Customer 2432,2,Standard,49.99,31.12,2024-08-24 06:01:10.494874
3269,Customer 3269,2,Standard,49.99,49.53,2025-10-28 06:01:10.494874
3982,Customer 3982,1,Basic,29.99,18.38,2025-05-12 06:01:10.494874
6409,Customer 6409,1,Basic,29.99,31.55,2024-07-09 06:01:10.494874
9000,Customer 9000,2,Standard,49.99,6.22,2026-02-07 06:01:10.494874
1348,Customer 1348,1,Basic,29.99,13.35,2025-11-19 06:01:10.494874
6177,Customer 6177,3,Premium,79.99,13.24,2025-07-08 06:01:10.494874
3698,Customer 3698,3,Premium,79.99,28.11,2025-11-07 06:01:10.494874
6958,Customer 6958,2,Standard,49.99,46.26,2025-07-30 06:01:10.494874
2835,Customer 2835,1,Basic,29.99,49.29,2025-01-06 06:01:10.494874
5163,Customer 5163,3,Premium,79.99,37.02,2025-10-16 06:01:10.494874
4280,Customer 4280,3,Premium,79.99,38.56,2024-06-20 06:01:10.494874
4880,Customer 4880,4,Unlimited,99.99,25.37,2024-05-14 06:01:10.494874
4738,Customer 4738,4,Unlimited,99.99,9.0,2025-03-08 06:01:10.494874
8317,Customer 8317,4,Unlimited,99.99,37.4,2025-10-19 06:01:10.494874
2536,Customer 2536,4,Unlimited,99.99,1.39,2025-12-30 06:01:10.503058
3772,Customer 3772,1,Basic,29.99,43.77,2026-04-06 06:01:10.503058
4292,Customer 4292,3,Premium,79.99,31.47,2024-12-20 06:01:10.503058
5442,Customer 5442,4,Unlimited,99.99,30.91,2026-03-09 06:01:10.503058
4409,Customer 4409,2,Standard,49.99,17.7,2025-06-21 06:01:10.503058
2965,Customer 2965,2,Standard,49.99,0.29,2025-12-02 06:01:10.503058
6414,Customer 6414,2,Standard,49.99,37.78,2024-08-08 06:01:10.503058
6966,Customer 6966,2,Standard,49.99,0.78,2024-11-01 06:01:10.503058
5244,Customer 5244,1,Basic,29.99,23.0,2025-10-29 06:01:10.503058
8402,Customer 8402,1,Basic,29.99,0.73,2024-08-27 06:01:10.503058
4085,Customer 4085,1,Basic,29.99,18.89,2024-10-19 06:01:10.503058
6885,Customer 6885,1,Basic,29.99,18.76,2025-03-14 06:01:10.503058
8752,Customer 8752,2,Standard,49.99,33.68,2024-08-13 06:01:10.503058
5328,Customer 5328,4,Unlimited,99.99,19.18,2025-05-20 06:01:10.503058
1872,Customer 1872,4,Unlimited,99.99,33.42,2025-11-23 06:01:10.503058
5696,Customer 5696,1,Basic,29.99,2.91,2026-01-07 06:01:10.503058
5657,Customer 5657,2,Standard,49.99,9.78,2024-08-22 06:01:10.503058
3111,Customer 3111,4,Unlimited,99.99,42.76,2024-07-01 06:01:10.503058
1803,Customer 1803,1,Basic,29.99,44.33,2024-12-11 06:01:10.503058
1174,Customer 1174,2,Standard,49.99,49.03,2025-01-06 06:01:10.503058
8759,Customer 8759,3,Premium,79.99,3.82,2026-04-16 06:01:10.503058
3374,Customer 3374,1,Basic,29.99,19.24,2024-10-25 06:01:10.503058
3736,Customer 3736,2,Standard,49.99,22.6,2025-07-29 06:01:10.503058
5071,Customer 5071,4,Unlimited,99.99,11.16,2024-09-15 06:01:10.503058
9831,Customer 9831,3,Premium,79.99,43.08,2024-10-17 06:01:10.503058
9909,Customer 9909,4,Unlimited,99.99,42.94,2025-12-04 06:01:10.503058
7551,Customer 7551,2,Standard,49.99,31.9,2024-08-02 06:01:10.503058
4351,Customer 4351,4,Unlimited,99.99,41.54,2024-11-02 06:01:10.503058
9521,Customer 9521,2,Standard,49.99,29.94,2025-12-08 06:01:10.503058
7379,Customer 7379,3,Premium,79.99,14.06,2025-12-20 06:01:10.503058
8854,Customer 8854,4,Unlimited,99.99,28.54,2025-11-02 06:01:10.503058
2246,Customer 2246,4,Unlimited,99.99,42.81,2025-07-20 06:01:10.503058
2497,Customer 2497,1,Basic,29.99,4.76,2025-12-28 06:01:10.503058
7677,Customer 7677,3,Premium,79.99,1.29,2025-05-16 06:01:10.503058
5684,Customer 5684,1,Basic,29.99,46.05,2024-12-19 06:01:10.503058
8208,Customer 8208,4,Unlimited,99.99,40.56,2025-01-31 06:01:10.503058
2547,Customer 2547,1,Basic,29.99,32.68,2024-12-18 06:01:10.503058
5754,Customer 5754,2,Standard,49.99,43.03,2025-02-08 06:01:10.503058
6967,Customer 6967,4,Unlimited,99.99,36.19,2025-03-17 06:01:10.503058
1853,Customer 1853,1,Basic,29.99,47.59,2024-06-19 06:01:10.503058
1223,Customer 1223,4,Unlimited,99.99,30.85,2026-03-17 06:01:10.503058
9270,Customer 9270,4,Unlimited,99.99,14.05,2025-08-16 06:01:10.503058
7093,Customer 7093,4,Unlimited,99.99,29.78,2024-08-29 06:01:10.503058
2698,Customer 2698,2,Standard,49.99,46.97,2025-12-29 06:01:10.503058
4317,Customer 4317,1,Basic,29.99,5.95,2025-01-27 06:01:10.503058
1935,Customer 1935,2,Standard,49.99,35.39,2026-03-09 06:01:10.503058
1493,Customer 1493,1,Basic,29.99,14.49,2025-08-21 06:01:10.503058
1858,Customer 1858,2,Standard,49.99,29.87,2026-03-25 06:01:10.503058
7337,Customer 7337,2,Standard,49.99,22.31,2024-08-18 06:01:10.503058
5135,Customer 5135,1,Basic,29.99,4.52,2024-08-08 06:01:10.503058
3558,Customer 3558,2,Standard,49.99,32.62,2024-11-23 06:01:10.503058
2235,Customer 2235,2,Standard,49.99,9.14,2025-07-14 06:01:10.503058
6410,Customer 6410,3,Premium,79.99,9.13,2025-03-02 06:01:10.503058
9601,Customer 9601,3,Premium,79.99,35.73,2025-06-09 06:01:10.503058
2427,Customer 2427,2,Standard,49.99,32.25,2025-07-27 06:01:10.503058
9006,Customer 9006,4,Unlimited,99.99,37.01,2025-07-31 06:01:10.503058
6936,Customer 6936,3,Premium,79.99,47.33,2026-03-22 06:01:10.503058
6016,Customer 6016,2,Standard,49.99,11.42,2025-04-15 06:01:10.503058
3218,Customer 3218,1,Basic,29.99,38.54,2024-09-03 06:01:10.503058
9096,Customer 9096,3,Premium,79.99,35.96,2024-06-23 06:01:10.503058
5148,Customer 5148,2,Standard,49.99,22.37,2024-09-30 06:01:10.503058
4926,Customer 4926,4,Unlimited,99.99,17.61,2025-12-15 06:01:10.503058
1832,Customer 1832,2,Standard,49.99,24.68,2025-06-24 06:01:10.503058
9281,Customer 9281,4,Unlimited,99.99,8.53,2026-02-05 06:01:10.503058
3009,Customer 3009,1,Basic,29.99,5.4,2025-08-11 06:01:10.503058
8860,Customer 8860,2,Standard,49.99,17.81,2025-08-05 06:01:10.503058
6980,Customer 6980,2,Standard,49.99,34.65,2025-11-06 06:01:10.503058
8503,Customer 8503,2,Standard,49.99,14.8,2026-03-16 06:01:10.503058
4904,Customer 4904,4,Unlimited,99.99,19.7,2024-09-10 06:01:10.503058
8985,Customer 8985,2,Standard,49.99,31.84,2026-03-03 06:01:10.503058
8127,Customer 8127,4,Unlimited,99.99,38.14,2025-11-28 06:01:10.503058
3177,Customer 3177,2,Standard,49.99,27.65,2025-05-08 06:01:10.503058
7764,Customer 7764,4,Unlimited,99.99,21.53,2025-04-11 06:01:10.503058
4020,Customer 4020,1,Basic,29.99,35.5,2024-08-04 06:01:10.503058
4435,Customer 4435,4,Unlimited,99.99,25.55,2024-06-06 06:01:10.503058
8140,Customer 8140,3,Premium,79.99,44.67,2025-10-14 06:01:10.503058
4302,Customer 4302,1,Basic,29.99,10.01,2024-07-07 06:01:10.503058
1290,Customer 1290,1,Basic,29.99,8.51,2025-01-25 06:01:10.503058
8699,Customer 8699,3,Premium,79.99,22.05,2025-08-21 06:01:10.503058
5518,Customer 5518,1,Basic,29.99,16.76,2025-03-25 06:01:10.503058
7356,Customer 7356,2,Standard,49.99,18.33,2026-04-23 06:01:10.503058
9746,Customer 9746,4,Unlimited,99.99,38.72,2024-07-15 06:01:10.503058
4083,Customer 4083,4,Unlimited,99.99,1.89,2024-11-17 06:01:10.503058
1153,Customer 1153,4,Unlimited,99.99,47.93,2025-07-11 06:01:10.503058
4764,Customer 4764,2,Standard,49.99,49.22,2025-01-24 06:01:10.503058
1029,Customer 1029,2,Standard,49.99,0.73,2025-08-16 06:01:10.503058
2151,Customer 2151,1,Basic,29.99,19.64,2025-02-03 06:01:10.503058
7572,Customer 7572,1,Basic,29.99,13.06,2025-05-27 06:01:10.503058
8949,Customer 8949,3,Premium,79.99,29.03,2025-06-06 06:01:10.503058
7639,Customer 7639,4,Unlimited,99.99,24.62,2025-12-21 06:01:10.503058
6039,Customer 6039,3,Premium,79.99,22.91,2025-11-08 06:01:10.503058
7901,Customer 7901,3,Premium,79.99,49.74,2024-06-23 06:01:10.503058
1461,Customer 1461,1,Basic,29.99,1.77,2025-12-15 06:01:10.503058
3874,Customer 3874,1,Basic,29.99,43.98,2025-01-20 06:01:10.503058
8910,Customer 8910,1,Basic,29.99,4.11,2024-06-28 06:01:10.503058
6046,Customer 6046,3,Premium,79.99,27.36,2024-10-14 06:01:10.503058
6454,Customer 6454,1,Basic,29.99,34.99,2024-12-27 06:01:10.503058
8460,Customer 8460,1,Basic,29.99,19.68,2024-08-21 06:01:10.503058
4596,Customer 4596,1,Basic,29.99,37.36,2024-05-21 06:01:10.503058
2722,Customer 2722,3,Premium,79.99,4.61,2024-08-19 06:01:10.503058
7885,Customer 7885,3,Premium,79.99,42.79,2024-10-16 06:01:10.503058
1153,Customer 1153,4,Unlimited,99.99,25.67,2026-04-17 06:01:10.503058
9177,Customer 9177,1,Basic,29.99,25.31,2024-09-27 06:01:10.503058
2150,Customer 2150,4,Unlimited,99.99,8.31,2026-01-19 06:01:10.503058
6393,Customer 6393,3,Premium,79.99,29.67,2025-07-01 06:01:10.503058
9956,Customer 9956,3,Premium,79.99,19.35,2025-12-08 06:01:10.503058
7072,Customer 7072,3,Premium,79.99,46.89,2025-12-03 06:01:10.503058
9399,Customer 9399,1,Basic,29.99,17.4,2026-02-13 06:01:10.503058
